x	y	label	showSelected1	group
122.136747	0.984771612385425	signal 4.2	4.2	1
121.409556	0.984771612385425	signal 11.2	11.2	2
98.6261655	0.984771612385425	signal 4.3	4.3	3
90.465327	0.984771612385425	signal 4.5	4.5	4
79.4764105	0.984771612385425	signal 1.7	1.7	5
73.10409	0.984771612385425	signal 11.8	11.8	6
69.225247	0.984771612385425	signal 10.9	10.9	7
